{"isOpen":false,"angleY":0,"angleX":0,"baseID":692620,"y":-42297.9765625,"x":23497.224609375,"lockLevel":0,"refID":1003758,"type":"Container","locationID":60,"angleZ":0,"z":261.23944091797}