{"isOpen":false,"angleY":0,"angleX":0,"baseID":2117,"y":-44880.0078125,"x":21266.890625,"lockLevel":0,"refID":102500,"type":"Container","locationID":60,"angleZ":0,"z":-85.177719116211}