{"isOpen":false,"angleY":0,"z":-320,"angleX":0,"baseID":180565,"y":2244.361328125,"x":-785.685546875,"lockLevel":0,"refID":105825,"type":"Door","locationID":86625,"angleZ":0,"numActivates":0}