{"isOpen":false,"angleY":0,"z":1200.0002441406,"angleX":0,"baseID":223963,"y":-14416,"x":3424.0004882812,"lockLevel":0,"refID":1102009,"type":"Door","locationID":86615,"angleZ":0,"numActivates":0}