{"isOpen":false,"angleY":0,"z":-5373.0078125,"angleX":0,"baseID":1092306,"y":-3295.1315917969,"x":-24315.1328125,"lockLevel":0,"refID":1107840,"type":"Container","locationID":60,"angleZ":0,"numActivates":0}