{"isOpen":false,"angleY":0,"angleX":0,"baseID":2117,"y":-45534.66796875,"x":22084.5625,"lockLevel":0,"refID":127536,"type":"Container","locationID":60,"angleZ":0,"z":105.01741790771}