{"isOpen":false,"angleY":0,"angleX":0,"baseID":2117,"y":-46126.37890625,"x":21095.091796875,"lockLevel":0,"refID":127528,"type":"Container","locationID":60,"angleZ":0,"z":-121.86240386963}