{"isOpen":false,"angleY":0,"angleX":0,"baseID":2117,"y":-46144.234375,"x":21035.431640625,"lockLevel":0,"refID":127529,"type":"Container","locationID":60,"angleZ":0,"z":-121.86240386963}