{"isOpen":false,"angleY":0,"angleX":0,"baseID":2117,"y":-45941.8671875,"x":21668.640625,"lockLevel":0,"refID":127531,"type":"Container","locationID":60,"angleZ":0,"z":-119.49284362793}