{"isOpen":false,"angleY":0,"angleX":0,"baseID":2117,"y":-45573.2265625,"x":22034.1484375,"lockLevel":0,"refID":127535,"type":"Container","locationID":60,"angleZ":0,"z":105.01740264893}