{"isOpen":false,"angleY":0,"z":6933.7504882812,"angleX":0,"baseID":202903,"y":99.693710327148,"x":-1898.8310546875,"lockLevel":0,"refID":128405,"type":"Door","locationID":86639,"angleZ":0,"numActivates":0}