{"isOpen":false,"angleY":0,"z":7829.3627929688,"angleX":0,"baseID":202903,"y":864.30926513672,"x":3063.6013183594,"lockLevel":0,"refID":136983,"type":"Door","locationID":86623,"angleZ":0,"numActivates":0}