{"isOpen":false,"angleY":0,"z":-2127.9826660156,"angleX":0,"baseID":202903,"y":862.28796386719,"x":1986.8435058594,"lockLevel":0,"refID":136944,"type":"Door","locationID":86632,"angleZ":0,"numActivates":0}