{"isOpen":false,"angleY":0,"z":-1624.8826904297,"angleX":0,"baseID":202903,"y":4246.1875,"x":-1965.0554199219,"lockLevel":0,"refID":137200,"type":"Door","locationID":86678,"angleZ":0,"numActivates":0}