{"isOpen":false,"angleY":0,"z":0,"angleX":0,"baseID":175019,"y":-1401.0052490234,"x":513.35125732422,"lockLevel":0,"refID":143206,"type":"Door","locationID":86655,"angleZ":0,"numActivates":0}