{"isOpen":false,"angleY":0,"z":-344.76699829102,"angleX":0,"baseID":132692,"y":2104.8098144531,"x":-1886.88671875,"lockLevel":0,"refID":166355,"type":"Container","locationID":86684,"angleZ":0,"numActivates":0}