{"isOpen":false,"angleY":0,"z":-2032,"angleX":0,"baseID":175019,"y":3504.0239257812,"x":7583.982421875,"lockLevel":0,"refID":172265,"type":"Door","locationID":86668,"angleZ":0,"numActivates":0}