{"isOpen":false,"angleY":0,"z":-848.93499755859,"angleX":0,"baseID":98520,"y":-2690.7189941406,"x":-2261.9284667969,"lockLevel":0,"refID":172390,"type":"Door","locationID":86668,"angleZ":0,"numActivates":0}