{"isOpen":false,"angleY":0,"z":947.349609375,"angleX":0,"baseID":175020,"y":2926.6813964844,"x":2176.6416015625,"lockLevel":0,"refID":173374,"type":"Door","locationID":86684,"angleZ":0,"numActivates":0}