{"isOpen":false,"angleY":0,"angleX":0,"baseID":2117,"y":-44623.859375,"x":23181.0546875,"lockLevel":0,"refID":175377,"type":"Container","locationID":60,"angleZ":0,"z":-8.2548522949219}