{"isOpen":false,"angleY":0,"angleX":0,"baseID":2117,"y":-44969.7265625,"x":22976.611328125,"lockLevel":0,"refID":175338,"type":"Container","locationID":60,"angleZ":0,"z":-129.04287719727}