{"isOpen":false,"angleY":0,"angleX":0,"baseID":2117,"y":-45020.3671875,"x":23015.296875,"lockLevel":0,"refID":175337,"type":"Container","locationID":60,"angleZ":0,"z":-126.95397949219}