{"isOpen":false,"angleY":0,"z":64.920654296875,"angleX":0,"baseID":202903,"y":2668.5549316406,"x":2738.7875976562,"lockLevel":0,"refID":181937,"type":"Door","locationID":86657,"angleZ":0,"numActivates":0}