{"isOpen":false,"angleY":0,"z":534.97436523438,"angleX":0,"baseID":428337,"y":-710.81317138672,"x":-271.14108276367,"lockLevel":0,"refID":186343,"type":"Door","locationID":86629,"angleZ":0,"numActivates":0}