{"isOpen":false,"angleY":0,"angleX":0,"baseID":2117,"y":-44227.171875,"x":23224.384765625,"lockLevel":0,"refID":188032,"type":"Container","locationID":60,"angleZ":0,"z":-119.83735656738}