{"isOpen":false,"angleY":0,"z":285.45849609375,"angleX":0,"baseID":132720,"y":-1823.4265136719,"x":3061.7028808594,"lockLevel":0,"refID":188013,"type":"Container","locationID":86629,"angleZ":0,"numActivates":0}