{"isOpen":false,"angleY":0,"angleX":0,"baseID":2117,"y":-44176.609375,"x":23256.345703125,"lockLevel":0,"refID":188033,"type":"Container","locationID":60,"angleZ":0,"z":-122.03259277344}