{"isOpen":false,"angleY":0,"z":-923.82373046875,"angleX":0,"baseID":180567,"y":-1444.6264648438,"x":-235.27380371094,"lockLevel":0,"refID":206531,"type":"Door","locationID":86677,"angleZ":0,"numActivates":0}