{"isOpen":false,"angleY":0,"z":-1563.8237304688,"angleX":0,"baseID":180567,"y":-533.61407470703,"x":956.66766357422,"lockLevel":0,"refID":206532,"type":"Door","locationID":86677,"angleZ":0,"numActivates":0}