{"isOpen":false,"angleY":0,"z":-669.1875,"angleX":0,"baseID":809124,"y":2169.48828125,"x":-2316.5998535156,"lockLevel":0,"refID":206868,"type":"Door","locationID":86654,"angleZ":0,"numActivates":0}