{"isOpen":false,"angleY":0,"z":-2063.74609375,"angleX":0,"baseID":175020,"y":8447.466796875,"x":-4335.5981445312,"lockLevel":0,"refID":206869,"type":"Door","locationID":86654,"angleZ":0,"numActivates":0}