{"isOpen":false,"angleY":0,"z":577.94543457031,"angleX":0,"baseID":175019,"y":2352.2214355469,"x":-1184.32421875,"lockLevel":0,"refID":208925,"type":"Door","locationID":86631,"angleZ":0,"numActivates":0}