{"isOpen":false,"angleY":0,"z":-86.687149047852,"angleX":0,"baseID":202903,"y":2075.3491210938,"x":2079.0546875,"lockLevel":0,"refID":211697,"type":"Door","locationID":86637,"angleZ":0,"numActivates":0}