{"isOpen":false,"angleY":0,"z":644.35906982422,"angleX":0,"baseID":202903,"y":1595.9779052734,"x":1348.2580566406,"lockLevel":0,"refID":211696,"type":"Door","locationID":86637,"angleZ":0,"numActivates":0}