{"isOpen":false,"angleY":0,"angleX":0,"baseID":2117,"y":-45433.5,"x":22344.826171875,"lockLevel":0,"refID":216801,"type":"Container","locationID":60,"angleZ":0,"z":-149.56594848633}