{"isOpen":false,"angleY":0,"z":-5570.2446289062,"angleX":0,"baseID":270394,"y":-9711.9228515625,"x":-14413.455078125,"lockLevel":0,"refID":219762,"type":"Door","locationID":60,"angleZ":0,"numActivates":0}