{"isOpen":false,"angleY":0,"z":833.94543457031,"angleX":0,"baseID":175019,"y":1038.7196044922,"x":-2933.2783203125,"lockLevel":0,"refID":220557,"type":"Door","locationID":86631,"angleZ":0,"numActivates":0}