{"isOpen":false,"angleY":0,"z":1534,"angleX":0,"baseID":270394,"y":365.90686035156,"x":-351.57678222656,"lockLevel":0,"refID":248792,"type":"Door","locationID":86687,"angleZ":0,"numActivates":0}