{"isOpen":false,"angleY":0,"z":384.77392578125,"angleX":0,"baseID":270394,"y":3024.7414550781,"x":328.58218383789,"lockLevel":0,"refID":261396,"type":"Door","locationID":86616,"angleZ":0,"numActivates":0}