{"isOpen":false,"angleY":0,"z":677.34155273438,"angleX":0,"baseID":270394,"y":-2418.4113769531,"x":77.248977661133,"lockLevel":0,"refID":267491,"type":"Door","locationID":86657,"angleZ":0,"numActivates":0}