{"isOpen":false,"angleY":0,"z":-176.94213867188,"angleX":0,"baseID":270394,"y":1871.9139404297,"x":1676.2303466797,"lockLevel":0,"refID":271783,"type":"Door","locationID":86662,"angleZ":0,"numActivates":0}