{"isOpen":false,"angleY":0,"z":356.13043212891,"angleX":0,"baseID":202903,"y":557.66577148438,"x":-2489.1755371094,"lockLevel":0,"refID":274654,"type":"Door","locationID":86637,"angleZ":0,"numActivates":0}