{"isOpen":false,"angleY":0,"z":1696,"angleX":0,"baseID":372028,"y":-1428.4105224609,"x":888.56823730469,"lockLevel":0,"refID":291240,"type":"Door","locationID":86644,"angleZ":0,"numActivates":0}