{"isOpen":false,"angleY":0,"z":-721.34301757812,"angleX":0,"baseID":202903,"y":-213.37713623047,"x":-1492.7241210938,"lockLevel":0,"refID":292368,"type":"Door","locationID":86644,"angleZ":0,"numActivates":0}